{
  "evaluation_metadata": {
    "timestamp": "2026-02-06T16:22:20.226263",
    "model_path": "models/best_model.pth",
    "dataset_size": 300,
    "device": "mps"
  },
  "model_performance": {
    "mse_loss": 0.011763036251068115,
    "coordinate_errors_degrees": {
      "mean": 38.19545364379883,
      "median": 27.337236404418945,
      "std": 35.4409294128418,
      "min": 0.35316333174705505,
      "max": 164.9278106689453,
      "p25": 12.486117362976074,
      "p75": 49.467037200927734,
      "p95": 116.83163452148438,
      "p99": 150.40597534179688
    },
    "haversine_distances_km": {
      "mean": 4051.74462890625,
      "median": 2917.0771484375,
      "std": 3635.671875,
      "min": 39.24116134643555,
      "max": 15990.9091796875,
      "p25": 1313.6170654296875,
      "p75": 5221.5849609375,
      "p95": 12466.0205078125,
      "p99": 14794.7216796875
    },
    "longitude_errors_degrees": {
      "mean": 37.65725326538086,
      "median": 26.8531494140625,
      "std": 35.750450134277344,
      "min": 0.067596435546875,
      "max": 164.92538452148438
    },
    "latitude_errors_degrees": {
      "mean": 3.3791162967681885,
      "median": 2.791290283203125,
      "std": 2.732919931411743,
      "min": 0.011916875839233398,
      "max": 14.01239013671875
    }
  },
  "accuracy_analysis": {
    "predictions_within_1km": 0,
    "predictions_within_10km": 0,
    "predictions_within_100km": 2,
    "predictions_within_1000km": 51,
    "percentage_within_1km": 0.0,
    "percentage_within_10km": 0.0,
    "percentage_within_100km": 0.6666666865348816,
    "percentage_within_1000km": 17.0
  }
}